Stagione,Pos,Gio,Pti,Vit,Par,Sco,GolF,GolS,DR,Team,Year,Coach,Nationality,Matches,Seasons,Finals,Titles,Points,PPM,Squad Size,Average Age,Foreigners,Average Market Value,Total Market Value ,Players In,Players Out,Average Age IN players,Average Age OUT players,Market Value IN Players,Market Value OUT Players,Fees Players IN,Fees Players OUT,Net_Spent
2007-2008,10,38,48,13,9,16,44,52,-8,Genoa CFC,2007,Gian Piero Gasperini,Italy,38,1,0,0,48,1.26,45,25.3,17,1410000,63250000,16,23,24,25.30434783,23375000,200000,23550000,10010000,-13540000
2008-2009,5,38,68,19,11,8,56,39,17,Genoa CFC,2008,Gian Piero Gasperini,Italy,38,1,0,0,68,1.79,47,23.6,15,1950000,91700000,26,16,22.34615385,25.5,63575000,0,55860000,39800000,-16060000
2009-2010,9,38,51,14,9,15,57,61,-4,Genoa CFC,2009,Gian Piero Gasperini,Italy,38,1,0,0,51,1.34,47,24.6,17,2890000,135850000,32,22,22.28125,25.59090909,84500000,235000,78990000,67500000,-11490000
2010-2011,10,38,51,14,9,15,45,47,-2,Genoa CFC,2010,Davide Ballardini,Italy,28,1,0,0,40,1.265,45,25.2,22,3740000,168180000,26,29,22.80769231,23.4137931,77050000,1675000,73650000,57000000,-16650000
2011-2012,17,38,42,11,9,18,50,69,-19,Genoa CFC,2011,Alberto Malesani,Italy,19,1,0,0,23,1.205,39,26.2,21,2670000,104300000,24,32,24.20833333,23.46875,70650000,10350000,52730000,77350000,24620000
2012-2013,17,38,38,8,14,16,38,52,-14,Genoa CFC,2012,Davide Ballardini,Italy,17,1,0,0,21,1.185,46,26.9,23,2140000,98500000,27,36,24.40740741,24.77777778,49500000,4325000,25800000,65050000,39250000
2013-2014,14,38,44,11,11,16,41,50,-9,Genoa CFC,2013,Gian Piero Gasperini,Italy,32,1,0,0,40,1.25,66,24.9,33,1550000,102100000,21,33,24.66666667,24.90909091,35475000,11250000,22680000,30031000,7351000
2014-2015,6,38,59,16,11,11,62,47,15,Genoa CFC,2014,Gian Piero Gasperini,Italy,38,1,0,0,59,1.55,48,25.6,21,2440000,117330000,15,27,24,25.81481481,24450000,1400000,5750000,25950000,20200000
2015-2016,11,38,46,13,7,18,45,48,-3,Genoa CFC,2015,Gian Piero Gasperini,Italy,38,1,0,0,46,1.21,47,24.8,27,2500000,117550000,14,23,25.07142857,24.91304348,28300000,11350000,15150000,41050000,25900000
2016-2017,16,38,36,9,9,20,38,64,-26,Genoa CFC,2016,Ivan Juric,Croatia,32,1,0,0,32,0.835,44,26.3,23,2460000,108180000,22,23,24.09090909,23.95652174,37925000,3150000,26900000,50300000,23400000
2017-2018,12,38,41,11,8,19,33,43,-10,Genoa CFC,2017,Davide Ballardini,Italy,26,1,0,0,35,1.35,44,26.5,25,3070000,135130000,16,23,24.5625,24.30434783,22550000,13775000,12350000,46650000,34300000
2018-2019,17,38,38,8,14,16,39,57,-18,Genoa CFC,2018,Davide Ballardini,Italy,7,1,0,0,12,1.335,69,24.3,35,2780000,191730000,24,30,24.33333333,25.63333333,39475000,18325000,50825000,84951000,34126000
2019-2020,17,38,39,10,9,19,47,73,-26,Genoa CFC,2019,Davide Nicola,Italy,21,1,0,0,28,1.33,43,26.7,25,3310000,142380000,18,28,25.88888889,23.25,52275000,74725000,49050000,57850000,8800000
2020-2021,11,38,42,10,12,16,47,58,-11,Genoa CFC,2020,Davide Ballardini,Italy,25,1,0,0,35,0.97,44,26.9,23,2540000,111930000,15,19,22.33333333,26.05263158,32325000,51850000,64800000,69650000,4850000
2021-2022,19,38,28,4,16,18,27,60,-33,Genoa CFC,2021,Alexander Blessin,Germany,16,1,0,0,16,0.875,47,26.5,24,2580000,121280000,22,17,24.09090909,26.17647059,61375000,10400000,38000000,20530000,-17470000
2023-2024,11,38,49,12,13,13,45,45,0,Genoa CFC,2023,Alberto Gilardino,Italy,38,1,0,0,49,1.29,44,25.9,29,4440000,195400000,15,19,25.4,24.94736842,55900000,40950000,44800000,32061000,-12739000
2024-2025,0,6,5,1,2,3,4,10,-6,Genoa CFC,2024,Alberto Gilardino,Italy,6,1,0,0,5,0.83,31,25.4,16,4380000,135850000,8,14,21.375,26.28571429,37900000,36375000,32000000,40790000,8790000
2004-2005,16,38,42,9,15,14,42,50,-8,ACF Fiorentina,2004,Sergio Buso,Italy,13,1,0,0,16,1.145,48,25.5,13,2330000,111830000,12,18,24.83333333,26.41176471,16000000,0,47000000,2000000,-45000000
2005-2006 (-30),9,38,44,22,8,8,66,41,25,ACF Fiorentina,2005,Cesare Prandelli,Italy,38,1,0,0,74,1.95,43,26.4,15,3230000,138680000,11,19,26.72727273,25.94736842,37800000,0,31300000,10190000,-21110000
2006-2007 (-15),6,38,58,21,10,7,62,31,31,ACF Fiorentina,2006,Cesare Prandelli,Italy,38,1,0,0,73,1.92,38,24.6,15,4200000,159600000,13,11,23.53846154,29.63636364,48550000,0,28750000,2600000,-26150000
2007-2008,4,38,66,19,9,10,55,39,16,ACF Fiorentina,2007,Cesare Prandelli,Italy,37,1,0,0,65,1.38,46,23.8,16,3730000,171350000,18,10,21.44444444,23.2,39775000,1000000,36750000,42216000,5466000
2008-2009,4,38,68,21,5,12,53,38,15,ACF Fiorentina,2008,Cesare Prandelli,Italy,38,1,0,0,68,1.79,38,25.5,18,5190000,197100000,8,10,22.375,26.8,42800000,0,46800000,18320000,-28480000
2009-2010,11,38,47,13,8,17,48,47,1,ACF Fiorentina,2009,Cesare Prandelli,Italy,38,1,0,0,47,1.24,46,24.5,22,4550000,209300000,14,13,22.92857143,24.76923077,31050000,150000,35450000,45000000,9550000
2010-2011,9,38,51,12,15,11,49,44,5,ACF Fiorentina,2010,Siniša Mihajlović,Serbia,38,1,0,0,51,1.34,42,24.9,22,4180000,175480000,9,13,23.22222222,22.84615385,40300000,500000,22800000,5300000,-17500000
2011-2012,13,38,46,11,13,14,37,43,-6,ACF Fiorentina,2011,Vincenzo Guerini,Italy,2,1,0,0,4,1.45,40,25.1,21,3270000,130830000,18,20,23.33333333,26.05,24450000,75000,17935000,19512000,1577000
2012-2013,4,38,70,21,7,10,72,44,28,ACF Fiorentina,2012,Vincenzo Montella,Italy,38,1,0,0,70,1.84,42,25.7,25,5090000,213650000,17,23,26.47058824,25.7826087,77600000,2025000,38090000,31700000,-6390000
2013-2014,4,38,65,19,8,11,65,44,21,ACF Fiorentina,2013,Vincenzo Montella,Italy,38,1,0,0,65,1.71,56,25.8,34,4450000,249130000,12,12,25.25,24.91666667,63350000,5700000,53300000,41000000,-12300000
2014-2015,4,38,64,18,10,10,61,46,15,ACF Fiorentina,2014,Vincenzo Montella,Italy,38,1,0,0,64,1.68,49,26.4,30,4410000,216130000,9,11,23.77777778,25.09090909,13950000,2800000,7600000,37400000,29800000
2015-2016,5,38,64,18,10,10,60,42,18,ACF Fiorentina,2015,Paulo Sousa,Portugal,38,1,0,0,64,1.68,39,26.6,29,4890000,190530000,11,20,23.45454545,27.6,27300000,8800000,20900000,26850000,5950000
2016-2017,8,38,60,16,12,10,63,57,6,ACF Fiorentina,2016,Paulo Sousa,Portugal,38,1,0,0,60,1.58,42,24.8,30,5170000,217080000,7,17,20.71428571,24.17647059,13425000,30900000,12400000,30250000,17850000
2017-2018,8,38,57,16,9,13,54,46,8,ACF Fiorentina,2017,Stefano Pioli,Italy,38,1,0,0,57,1.5,41,24.4,26,5790000,237330000,17,20,23.11764706,25.05,64200000,13350000,77800000,84900000,7100000
2018-2019,16,38,41,8,17,13,47,45,2,ACF Fiorentina,2018,Stefano Pioli,Italy,31,1,0,0,39,1.26,56,23.4,36,5630000,315330000,16,11,21.8125,25,59275000,4575000,56950000,40160000,-16790000
2019-2020,10,38,49,12,13,13,51,48,3,ACF Fiorentina,2019,Giuseppe Iachini,Italy,21,1,0,0,32,1.26,42,25.2,28,7200000,302230000,11,10,24.90909091,24.5,54100000,23675000,46400000,9520000,-36880000
2020-2021,13,38,40,9,13,16,47,59,-12,ACF Fiorentina,2020,Giuseppe Iachini,Italy,17,1,0,0,19,1.06,41,26.1,24,7000000,286800000,11,11,27.36363636,26.45454545,73500000,48825000,59800000,45000000,-14800000
2021-2022,7,38,62,19,5,14,59,51,8,ACF Fiorentina,2021,Vincenzo Italiano,Italy,38,1,0,0,62,1.63,38,25.9,22,8570000,325800000,6,22,23.16666667,25.5,69125000,122425000,63550000,113100000,49550000
2022-2023,8,38,56,15,11,12,53,43,10,ACF Fiorentina,2022,Vincenzo Italiano,Italy,38,1,0,0,56,1.47,38,25.6,18,6810000,258800000,8,14,25.625,24.5,70650000,42650000,35660000,50230000,14570000
2023-2024,8,38,60,17,9,12,61,46,15,ACF Fiorentina,2023,Vincenzo Italiano,Italy,38,1,0,0,60,1.58,41,25.7,21,6930000,284100000,15,18,20.53333333,25.38888889,50150000,63750000,41850000,53180000,11330000
2024-2025,0,6,7,1,4,1,7,7,0,ACF Fiorentina,2024,Raffaele Palladino,Italy,6,1,0,0,7,1.17,26,25.9,13,10220000,265700000,6,11,24.66666667,25.27272727,39000000,37725000,42000000,17600000,-24400000
2004-2005,18,38,42,9,15,14,33,36,-3,Bologna FC 1909,2004,Carlo Mazzone,Italy,40,1,0,0,45,1.13,40,26.3,6,748000,29940000,13,6,27.30769231,24,1200000,0,1000000,680000,-320000
2008-2009,17,38,37,9,10,19,43,62,-19,Bologna FC 1909,2008,Giuseppe Papadopulo,Italy,7,1,0,0,11,1.24,34,28.8,7,1190000,40300000,11,8,27.90909091,21.875,21050000,1000000,24200000,5500000,-18700000
2009-2010,17,38,42,10,12,16,42,55,-13,Bologna FC 1909,2009,Franco Colomba,Italy,30,1,0,0,36,1.2,38,28.1,9,1400000,53100000,12,14,26.75,31.92857143,19075000,75000,8950000,5700000,-3250000
2010-2011 (-3),16,38,42,11,12,15,35,52,-17,Bologna FC 1909,2010,Alberto Malesani,Italy,37,1,0,0,44,1.095,38,25,14,1660000,63050000,13,13,23.53846154,28.53846154,20000000,0,21410000,8200000,-13210000
2011-2012,9,38,51,13,12,13,41,43,-2,Bologna FC 1909,2011,Stefano Pioli,Italy,33,1,0,0,50,1.52,41,25.3,18,1560000,63900000,15,11,24.8,25.81818182,22700000,650000,20083000,20800000,717000
2012-2013,13,38,44,11,11,16,46,52,-6,Bologna FC 1909,2012,Stefano Pioli,Italy,38,1,0,0,44,1.16,49,25,18,1600000,78550000,13,9,24.15384615,28.77777778,14500000,1175000,8685000,17200000,8515000
2013-2014,19,38,29,5,14,19,28,58,-30,Bologna FC 1909,2013,Stefano Pioli,Italy,18,1,0,0,15,0.83,64,25.1,26,1090000,69830000,16,10,23.1875,24.5,12550000,2250000,6090000,18000000,11910000
2015-2016,14,38,42,11,9,18,33,45,-12,Bologna FC 1909,2015,Roberto Donadoni,Italy,28,1,0,0,36,1.29,42,26.3,17,1790000,75230000,15,22,26.2,27.45454545,35000000,1300000,22580000,800000,-21780000
2016-2017,15,38,41,11,8,19,40,58,-18,Bologna FC 1909,2016,Roberto Donadoni,Italy,38,1,0,0,41,1.08,48,25.2,22,1980000,95000000,18,14,22.5,29.07142857,28525000,1675000,30400000,16980000,-13420000
2017-2018,15,38,39,11,6,21,40,52,-12,Bologna FC 1909,2017,Roberto Donadoni,Italy,38,1,0,0,39,1.03,41,25.8,24,2530000,103550000,11,12,25.36363636,25.66666667,18600000,1110000,13000000,0,-13000000
2018-2019,10,38,44,11,11,16,48,56,-8,Bologna FC 1909,2018,Siniša Mihajlović,Serbia,17,1,0,0,30,1.215,48,25.4,28,2490000,119680000,9,15,23.22222222,25.53333333,17075000,12650000,29800000,43981000,14181000
2019-2020,12,38,47,12,11,15,52,65,-13,Bologna FC 1909,2019,Siniša Mihajlović,Serbia,27,1,0,0,35,1.195,40,25,26,3240000,129650000,17,14,22.88235294,25.21428571,79800000,10825000,69545000,28500000,-41045000
2020-2021,12,38,41,10,11,17,51,65,-14,Bologna FC 1909,2020,Siniša Mihajlović,Serbia,38,1,0,0,41,1.08,45,24.6,27,3410000,153600000,4,8,22.5,24.125,3300000,4450000,1972000,5000000,3028000
2021-2022,13,38,46,12,10,16,44,55,-11,Bologna FC 1909,2021,Siniša Mihajlović,Serbia,38,1,0,0,46,1.21,45,24.2,28,4140000,186200000,10,19,24.7,26,44225000,57350000,32305000,25000000,-7305000
2022-2023,9,38,54,14,12,12,53,49,4,Bologna FC 1909,2022,Luca Vigiani,Italy,1,1,0,0,3,1.7,38,25.3,22,4040000,153630000,13,15,20.69230769,25.13333333,44300000,64275000,48250000,42751000,-5499000
2023-2024,5,38,68,18,14,6,54,32,22,Bologna FC 1909,2023,Thiago Motta,Italy,38,1,0,0,68,1.79,37,25.1,26,9440000,349300000,11,16,22.09090909,24.75,67900000,61375000,84500000,37000000,-47500000
2024-2025,0,6,7,1,4,1,7,9,-2,Bologna FC 1909,2024,Vincenzo Italiano,Italy,6,1,0,0,7,1.17,31,25.3,22,9070000,281300000,8,10,24.625,24.2,65500000,107875000,51500000,97850000,46350000
2013-2014,10,38,54,16,6,16,62,68,-6,Hellas Verona,2013,Andrea Mandorlini,Italy,38,1,0,0,54,1.42,54,25.9,22,1240000,67130000,19,12,24.47368421,26.08333333,16075000,12500000,6800000,9500000,2700000
2014-2015,13,38,46,11,13,14,49,65,-16,Hellas Verona,2014,Andrea Mandorlini,Italy,38,1,0,0,46,1.21,38,26.9,23,1100000,41800000,19,22,25.15789474,25,40050000,7850000,21360000,29250000,7890000
2015-2016,20,38,28,5,13,20,34,63,-29,Hellas Verona,2015,Luigi Delneri,Italy,38,1,0,0,28,0.74,42,26.3,20,1140000,47730000,15,21,25.73333333,27.28571429,18425000,1000000,6300000,2050000,-4250000
2017-2018,19,38,25,7,4,27,30,78,-48,Hellas Verona,2017,Fabio Pecchia ,Italy,38,1,0,0,25,0.66,41,26,18,1380000,56500000,10,13,25.6,26.61538462,13250000,2500000,3050000,6750000,3700000
2019-2020,9,38,49,12,13,13,47,51,-4,Hellas Verona,2019,Ivan Juric,Croatia,38,1,0,0,49,1.29,40,25.4,19,2810000,112530000,21,14,25.0952381,23.57142857,34600000,42350000,21613000,43320000,21707000
2020-2021,10,38,45,11,12,15,46,48,-2,Hellas Verona,2020,Ivan Juric,Croatia,38,1,0,0,45,1.18,46,24.7,21,3420000,157210000,11,24,23.72727273,25.875,24325000,6025000,15250000,2100000,-13150000
2021-2022,9,38,53,14,11,13,65,59,6,Hellas Verona,2021,Igor Tudor,Croatia,35,1,0,0,53,1.51,43,25.2,19,3790000,162980000,10,14,23.2,26.92857143,43100000,14000000,38800000,37000000,-1800000
2022-2023,18,38,31,7,10,21,31,59,-28,Hellas Verona,2022,Marco Zaffaroni,Italy,24,1,1,1,29,0.885,46,25.2,26,2690000,123890000,18,11,23.83333333,24.54545455,53275000,89025000,40560000,28310000,-12250000
2023-2024,13,38,38,9,11,18,38,51,-13,Hellas Verona,2023,Marco Baroni,Italy,38,1,0,0,38,1,50,25.1,32,2810000,140700000,13,20,22.92307692,25.3,18725000,102800000,13700000,97900000,84200000
2024-2025,0,6,6,2,0,4,10,11,-1,Hellas Verona,2024,Paolo Zanetti,Italy,6,1,0,0,6,1,35,24.5,25,2210000,77200000,15,11,21.53333333,24.27272727,18925000,18125000,16100000,22140000,6040000
2004-2005,3,38,72,18,18,2,65,37,28,Inter Milan,2004,Roberto Mancini,Italy,38,1,0,0,72,1.89,50,24.9,25,4810000,240630000,16,20,23.75,25.55,2500000,0,15950000,28270000,12320000
2005-2006,1,38,76,23,7,8,68,30,38,Inter Milan,2005,Roberto Mancini,Italy,38,1,0,0,76,2,52,25.4,31,4520000,234930000,13,22,23.38461538,25.59090909,69150000,0,30400000,21755000,-8645000
2006-2007,1,38,97,30,7,1,80,34,46,Inter Milan,2006,Roberto Mancini,Italy,38,1,0,0,97,2.55,58,24.4,31,4610000,267230000,13,18,22.92307692,24.66666667,74050000,0,48400000,30810000,-17590000
2007-2008,1,38,85,25,10,3,69,26,43,Inter Milan,2007,Roberto Mancini,Italy,38,1,0,0,85,2.24,48,26,31,6460000,310000000,11,11,20.45454545,24.09090909,15950000,0,39800000,14200000,-25600000
2008-2009,1,38,84,25,9,4,70,32,38,Inter Milan,2008,José Mourinho,Portugal,38,1,0,0,84,2.21,32,28.5,25,10250000,327900000,16,11,21.3125,25.09090909,85500000,25000,75100000,9980000,-65120000
2009-2010,1,38,82,24,10,4,75,34,41,Inter Milan,2009,José Mourinho,Portugal,38,1,0,0,82,2.16,47,25.4,31,8440000,396500000,16,20,23.6875,25,127150000,400000,97200000,108500000,11300000
2010-2011,2,38,76,23,7,8,69,42,27,Inter Milan,2010,Leonardo,Brazil,23,1,0,0,53,1.915,44,26.2,27,7890000,346950000,11,18,21.81818182,23.66666667,41100000,1350000,36135000,65980000,29845000
2011-2012,6,38,58,17,7,14,58,55,3,Inter Milan,2011,Andrea Stramaccioni,Italy,9,1,0,0,17,1.715,48,26,28,6310000,303050000,9,14,22.66666667,25.14285714,46500000,5450000,35900000,52950000,17050000
2012-2013,9,38,54,16,6,16,55,57,-2,Inter Milan,2012,Andrea Stramaccioni,Italy,38,1,0,0,54,1.42,55,24.8,33,4410000,242800000,18,24,22.66666667,25.625,87650000,16250000,71300000,63301000,-7999000
2013-2014,5,38,60,15,15,8,62,39,23,Inter Milan,2013,Walter Mazzarri,Italy,38,1,0,0,60,1.58,63,24.7,36,4650000,292650000,17,14,24,23.64285714,82625000,10075000,57890000,8500000,-49390000
2014-2015,8,38,55,14,13,11,59,48,11,Inter Milan,2014,Walter Mazzarri,Italy,11,1,0,0,16,1.445,44,25,32,5930000,260700000,17,14,22.17647059,28.14285714,31050000,4725000,11150000,16150000,5000000
2015-2016,4,38,67,20,7,11,50,38,12,Inter Milan,2015,Roberto Mancini,Italy,38,1,0,0,67,1.76,42,25.7,30,7010000,294280000,13,37,23.30769231,24,72875000,41450000,89600000,112520000,22920000
2016-2017,7,38,62,19,5,14,72,49,23,Inter Milan,2016,Stefano Vecchi,Italy,4,1,0,0,9,1.74,41,25.9,29,8010000,328300000,16,9,24.125,22.11111111,169675000,9675000,162630000,14700000,-147930000
2017-2018,4,38,72,20,12,6,66,30,36,Inter Milan,2017,Luciano Spalletti,Italy,38,1,0,0,72,1.89,34,26.5,22,14330000,487280000,8,31,23.875,23.83870968,51900000,66500000,137100000,70640000,-66460000
2018-2019,4,38,69,20,9,9,57,33,24,Inter Milan,2018,Luciano Spalletti,Italy,38,1,0,0,69,1.82,60,24.5,30,10300000,617930000,8,23,22.75,22.95652174,138600000,43100000,80600000,89970000,9370000
2019-2020,2,38,82,24,10,4,81,36,45,Inter Milan,2019,Antonio Conte,Italy,38,1,0,0,82,2.16,34,27.3,19,17830000,606050000,13,17,22.61538462,22.76470588,262500000,24000000,177600000,56240000,-121360000
2020-2021,1,38,91,28,7,3,89,35,54,Inter Milan,2020,Antonio Conte,Italy,38,1,0,0,91,2.39,41,25.7,22,16190000,663900000,10,17,24.3,26.05882353,171900000,36375000,126500000,78850000,-47650000
2021-2022,2,38,84,25,9,4,84,32,52,Inter Milan,2021,Simone Inzaghi,Italy,38,1,0,0,84,2.21,36,27.7,20,15520000,558550000,7,15,28.14285714,26.33333333,75500000,124650000,36550000,205550000,169000000
2022-2023,3,38,72,23,3,12,71,42,29,Inter Milan,2022,Simone Inzaghi,Italy,38,1,0,0,72,1.89,35,26.9,22,16220000,567550000,11,15,22.27272727,26.2,74750000,41200000,54700000,23950000,-30750000
2023-2024,1,38,94,29,7,2,89,22,67,Inter Milan,2023,Simone Inzaghi,Italy,38,1,0,0,94,2.47,35,27.1,23,18710000,654850000,12,27,27.83333333,25.7037037,124350000,153125000,64750000,127820000,63070000
2024-2025,0,6,11,3,2,1,13,7,6,Inter Milan,2024,Simone Inzaghi,Italy,6,1,0,0,11,1.83,26,29,19,25860000,672300000,9,14,25.66666667,24.5,102575000,26075000,70000000,10800000,-59200000
2022-2023,11,38,52,14,10,14,48,52,-4,AC Monza,2022,Raffaele Palladino,Italy,32,1,0,0,51,1.59,41,26.6,12,3310000,135700000,12,11,23.91666667,28.90909091,25500000,1275000,38710000,0,-38710000
2023-2024,12,38,45,11,12,15,39,51,-12,AC Monza,2023,Raffaele Palladino,Italy,38,1,0,0,45,1.18,39,26.6,13,3680000,143430000,12,9,29.5,30,56000000,5950000,44800000,0,-44800000
2024-2025,0,6,3,0,3,3,4,8,-4,AC Monza,2024,Alessandro Nesta,Italy,6,1,0,0,3,0.5,28,27.6,8,3240000,90780000,5,8,23.6,28.625,13075000,26975000,3000000,13000000,10000000
2007-2008,8,38,50,14,8,16,50,53,-3,SSC Napoli,2007,Edoardo Reja,Italy,38,1,0,0,50,1.32,30,27.2,9,2570000,76950000,13,8,22.46153846,24.875,27630000,0,44060000,650000,-43410000
2008-2009,12,38,46,12,10,16,43,45,-2,SSC Napoli,2008,Edoardo Reja,Italy,27,1,0,0,35,1.15,31,27.4,10,3270000,101500000,9,14,26.22222222,26.64285714,24300000,0,30460000,10650000,-19810000
2009-2010,6,38,59,15,14,9,50,43,7,SSC Napoli,2009,Walter Mazzarri,Italy,31,1,0,0,52,1.34,34,27.1,12,4280000,145630000,9,4,25.44444444,28.75,40675000,0,55150000,3500000,-51650000
2010-2011,3,38,70,21,7,10,59,39,20,SSC Napoli,2010,Walter Mazzarri,Italy,38,1,0,0,70,1.84,31,28.3,10,5500000,170430000,9,9,22.77777778,27.44444444,13525000,0,14800000,6800000,-8000000
2011-2012,5,38,61,16,13,9,66,46,20,SSC Napoli,2011,Walter Mazzarri,Italy,38,1,0,0,61,1.61,29,28.7,15,7060000,204750000,16,23,24.875,27.04347826,77650000,3675000,71200000,23240000,-47960000
2012-2013,2,38,78,23,9,6,73,36,37,SSC Napoli,2012,Walter Mazzarri,Italy,38,1,0,0,78,2.05,41,26.7,18,5790000,237250000,9,6,24.55555556,22.5,36875000,0,26800000,30900000,4100000
2013-2014,3,38,78,23,9,6,77,39,38,SSC Napoli,2013,Rafael Benítez,Spain,38,1,0,0,78,2.05,36,27.3,25,7680000,276600000,15,13,25.4,28.38461538,98300000,1325000,107450000,72700000,-34750000
2014-2015,5,38,63,18,9,11,70,54,16,SSC Napoli,2014,Rafael Benítez,Spain,38,1,0,0,63,1.66,34,27.2,23,7710000,262180000,7,17,25.85714286,28.23529412,43400000,1175000,33550000,18651000,-14899000
2015-2016,2,38,82,25,7,6,80,32,48,SSC Napoli,2015,Maurizio Sarri,Italy,38,1,0,0,82,2.16,34,26.5,22,9470000,321930000,11,12,23.36363636,28.16666667,36400000,2150000,40950000,16560000,-24390000
2016-2017,3,38,86,26,8,4,94,39,55,SSC Napoli,2016,Maurizio Sarri,Italy,38,1,0,0,86,2.26,37,26.2,22,10470000,387300000,7,12,23.71428571,24.91666667,58250000,6550000,92590000,116405000,23815000
2017-2018,2,38,91,28,7,3,77,29,48,SSC Napoli,2017,Maurizio Sarri,Italy,38,1,0,0,91,2.39,40,25.6,24,12610000,504250000,8,11,23.75,25.63636364,38375000,2700000,64250000,14700000,-49550000
2018-2019,2,38,79,24,7,7,74,36,38,SSC Napoli,2018,Carlo Ancelotti,Italy,38,1,0,0,79,2.08,54,24.8,27,11980000,646800000,8,11,23,28.36363636,60900000,21275000,70500000,96800000,26300000
2019-2020,7,38,62,18,8,12,61,50,11,SSC Napoli,2019,Gennaro Gattuso,Italy,23,1,0,0,41,1.59,33,27.3,24,16610000,548280000,18,10,24.94444444,23.2,201575000,8350000,207515000,45090000,-162425000
2020-2021,5,38,77,24,5,9,86,41,45,SSC Napoli,2020,Gennaro Gattuso,Italy,38,1,0,0,77,2.03,32,26.5,21,16570000,530200000,4,16,20.75,27.125,40800000,11575000,78000000,117770000,39770000
2021-2022,3,38,79,24,7,7,74,31,43,SSC Napoli,2021,Luciano Spalletti,Italy,38,1,0,0,79,2.08,37,25.8,20,12900000,477230000,3,9,26,25.77777778,32050000,5125000,21500000,2500000,-19000000
2022-2023,1,38,90,28,6,4,77,28,49,SSC Napoli,2022,Luciano Spalletti,Italy,38,1,0,0,90,2.37,31,26.7,20,21100000,654080000,8,15,23.875,29.13333333,81150000,66300000,70300000,83258000,12958000
2023-2024,10,38,53,13,14,11,55,48,7,SSC Napoli,2023,Rudi Garcia,France,12,1,0,0,21,1.403333333,35,26.5,22,14710000,515000000,10,12,23.6,24.41666667,111025000,88625000,126000000,101500000,-24500000
2024-2025,0,6,13,4,1,1,11,4,7,SSC Napoli,2024,Antonio Conte,Italy,6,1,0,0,13,2.17,25,27.9,14,17260000,431400000,7,4,26.57142857,27,151500000,30950000,149500000,7000000,-142500000
2004-2005,13,38,44,10,14,14,51,60,-9,Cagliari Calcio,2004,Daniele Arrigoni,Italy,38,1,0,0,44,1.16,31,26.7,6,771000,23900000,8,10,23.875,26.2,0,0,700000,0,-700000
2005-2006,14,38,39,8,15,15,42,55,-13,Cagliari Calcio,2005,Nedo Sonetti,Italy,27,1,0,0,34,1.13,31,25.4,5,1150000,35650000,14,14,24.28571429,28.07142857,4500000,0,5000000,2000000,-3000000
2006-2007,17,38,40,9,13,16,35,46,-11,Cagliari Calcio,2006,Marco Giampaolo,Italy,30,1,0,0,33,0.99,36,25.2,5,1250000,45150000,8,9,24.5,25.33333333,1350000,0,0,0,0
2007-2008,14,38,42,11,9,18,40,56,-16,Cagliari Calcio,2007,Davide Ballardini,Italy,21,1,0,0,32,1.52,42,25,11,981000,41200000,17,11,23.17647059,28.72727273,7875000,0,8780000,17000000,8220000
2008-2009,9,38,53,15,8,15,49,50,-1,Cagliari Calcio,2008,Massimiliano Allegri,Italy,38,1,0,0,53,1.39,36,24.6,6,1270000,45680000,8,11,22.875,23.90909091,6675000,50000,19010000,6150000,-12860000
2009-2010,15,38,44,11,11,16,56,58,-2,Cagliari Calcio,2009,Massimiliano Allegri,Italy,33,1,0,0,40,1.21,35,24.7,7,2050000,71800000,9,6,23.44444444,25.66666667,15400000,100000,12300000,1050000,-11250000
2010-2011,14,38,45,12,9,17,44,51,-7,Cagliari Calcio,2010,Roberto Donadoni,Italy,26,1,0,0,34,1.115,37,27.7,6,2300000,85030000,7,16,25.57142857,26.3125,5800000,800000,6300000,6057000,-243000
2011-2012,15,38,43,10,13,15,37,46,-9,Cagliari Calcio,2011,Massimo Ficcadenti,Italy,21,1,0,0,25,1.125,33,25.2,12,2170000,71650000,10,8,22.5,26.25,6675000,400000,5510000,25700000,20190000
2012-2013,11,38,47,12,11,15,43,55,-12,Cagliari Calcio,2012,Ivo Pulga,Italy,32,1,0,0,45,1.41,34,24.5,12,2250000,76380000,10,10,24,25.5,11900000,550000,11300000,2700000,-8600000
2013-2014,15,38,39,9,12,17,34,53,-19,Cagliari Calcio,2013,Ivo Pulga,Italy,6,1,0,0,7,1.085,36,25.4,15,2390000,86200000,5,11,22.2,23.45454545,3275000,950000,1500000,4301000,2801000
2014-2015,18,38,34,8,10,20,48,68,-20,Cagliari Calcio,2014,Gianluca Festa,Italy,7,1,0,0,13,1.093333333,36,24.9,14,2060000,74200000,15,9,21.06666667,27.55555556,14350000,1025000,17400000,17425000,25000
2016-2017,11,38,47,14,5,19,55,76,-21,Cagliari Calcio,2016,Massimo Rastelli,Italy,38,1,0,0,47,1.24,46,25.2,17,1330000,61080000,9,10,27.44444444,25.2,13050000,650000,9720000,9500000,-220000
2017-2018,16,38,39,11,6,21,33,61,-28,Cagliari Calcio,2017,Diego López,Uruguay,30,1,0,0,33,1.1,41,25.8,13,2400000,98580000,13,20,25,25.9,26200000,2450000,31090000,19675000,-11415000
2018-2019,15,38,41,10,11,17,36,54,-18,Cagliari Calcio,2018,Rolando Maran,Italy,38,1,0,0,41,1.08,49,26.4,18,3170000,155380000,9,16,28.33333333,25.0625,22725000,1750000,21395000,5010000,-16385000
2019-2020,14,38,45,11,12,15,52,56,-4,Cagliari Calcio,2019,Rolando Maran,Italy,25,1,0,0,32,1.14,41,26.3,16,4090000,167830000,11,9,23.27272727,27.66666667,41075000,5575000,35200000,5410000,-29790000
2020-2021,16,38,37,9,10,19,43,59,-16,Cagliari Calcio,2020,Leonardo Semplici,Italy,15,1,0,0,22,1.06,42,25.8,18,4470000,187830000,6,13,26.16666667,29,36950000,81675000,32380000,41000000,8620000
2021-2022,18,38,30,6,12,20,34,68,-34,Cagliari Calcio,2021,Walter Mazzarri,Italy,32,1,0,0,27,0.755,46,25.5,23,2920000,134530000,10,11,24.7,28,35425000,8375000,15425000,3700000,-11725000
2023-2024,16,38,36,8,12,18,42,68,-26,Cagliari Calcio,2023,Claudio Ranieri,Italy,38,1,0,0,36,0.95,38,27,19,2430000,92230000,11,10,24.36363636,25.1,20500000,24050000,22960000,17230000,-5730000
2024-2025,0,6,5,1,2,3,4,10,-6,Cagliari Calcio,2024,Davide Nicola,Italy,6,1,0,0,5,0.83,26,27.3,13,2670000,69350000,6,14,26,25.35714286,9050000,19200000,10800000,16700000,5900000
2006-2007,16,38,40,10,10,18,27,47,-20,Torino FC,2006,Giovanni De Biasi,Italy,14,1,0,0,18,1.105,37,29.4,7,1500000,55550000,12,11,26.90909091,28.27272727,14450000,0,11920000,900000,-11020000
2007-2008,15,38,40,8,16,14,36,49,-13,Torino FC,2007,Giovanni De Biasi,Italy,5,1,0,0,6,1.115,40,25.8,8,1500000,60050000,12,15,27.66666667,31.6,33350000,0,12610000,3250000,-9360000
2008-2009,18,38,34,8,10,20,37,61,-24,Torino FC,2008,Giancarlo Camolese,Italy,9,1,0,0,10,0.923333333,35,27.7,4,1850000,64900000,12,7,26.83333333,28.28571429,25800000,0,21800000,10300000,-11500000
2012-2013 (-1),16,38,39,8,16,14,46,55,-9,Torino FC,2012,Gian Piero Ventura,Italy,38,1,0,0,40,1.05,38,26.3,18,1620000,61600000,15,17,25.46666667,27.11764706,21850000,100000,24280000,4380000,-19900000
2013-2014,7,38,57,15,12,11,58,48,10,Torino FC,2013,Gian Piero Ventura,Italy,38,1,0,0,57,1.5,43,26,20,1870000,80250000,14,10,26.35714286,26.9,19400000,2650000,19900000,21840000,1940000
2014-2015,9,38,54,14,12,12,48,45,3,Torino FC,2014,Gian Piero Ventura,Italy,38,1,0,0,54,1.42,45,26.5,21,1840000,82580000,17,15,25.29411765,25.6,25575000,5125000,22300000,33860000,11560000
2015-2016,12,38,45,12,9,17,52,55,-3,Torino FC,2015,Gian Piero Ventura,Italy,38,1,0,0,45,1.18,39,26.1,17,2300000,89830000,10,20,22.6,23.9,24700000,7050000,27200000,19250000,-7950000
2016-2017,9,38,53,13,14,11,71,66,5,Torino FC,2016,Siniša Mihajlović,Serbia,38,1,0,0,53,1.39,51,24.7,24,3180000,162350000,14,22,23.85714286,25.5,39525000,6425000,27980000,20430000,-7550000
2017-2018,9,38,54,13,15,10,54,46,8,Torino FC,2017,Walter Mazzarri,Italy,19,1,0,0,29,1.425,51,24.2,23,3440000,175530000,8,13,22.875,25.69230769,13675000,12175000,18850000,79300000,60450000
2018-2019,7,38,63,16,15,7,52,37,15,Torino FC,2018,Walter Mazzarri,Italy,38,1,0,0,63,1.66,62,24.2,29,3860000,239230000,10,18,24.4,24.22222222,46325000,4425000,49550000,15500000,-34050000
2019-2020,16,38,40,11,7,20,46,68,-22,Torino FC,2019,Walter Mazzarri,Italy,22,1,0,0,27,1.02,37,25.2,17,4420000,163550000,10,13,23.1,25.46153846,31775000,6925000,27300000,24400000,-2900000
2020-2021,17,38,37,7,16,15,50,69,-19,Torino FC,2020,Davide Nicola,Italy,20,1,0,0,24,0.96,40,25.8,22,4380000,175280000,5,16,26,23.6875,37000000,19150000,43150000,23500000,-19650000
2021-2022,10,38,50,13,11,14,46,41,5,Torino FC,2021,Ivan Juric,Croatia,38,1,0,0,50,1.32,41,25.3,25,5450000,223400000,4,17,20,24.94117647,8900000,18500000,10400000,16750000,6350000
2022-2023,10,38,53,14,11,13,42,41,1,Torino FC,2022,Ivan Juric,Croatia,38,1,0,0,53,1.39,38,24.3,29,5190000,197190000,10,13,21.7,25.46153846,31560000,79500000,29000000,57218000,28218000
2023-2024,9,38,53,13,14,11,36,36,0,Torino FC,2023,Ivan Juric,Croatia,38,1,0,0,53,1.39,45,24.3,33,5170000,232730000,10,12,22.8,24.66666667,56700000,49025000,43350000,16750000,-26600000
2024-2025,0,6,11,3,2,1,10,8,2,Torino FC,2024,Paolo Vanoli,Italy,6,1,0,0,11,1.83,27,26.5,24,6300000,170230000,11,10,26.54545455,24.5,47825000,58525000,24100000,57500000,33400000
2004-2005,12,38,44,10,14,14,66,73,-7,US Lecce,2004,Zdenek Zeman,Czech Republic,38,1,0,0,44,1.16,33,23.8,13,1360000,44900000,10,9,23,23.88888889,2000000,0,250000,27710000,27460000
2005-2006,18,38,29,7,8,23,30,57,-27,US Lecce,2005,Roberto Rizzo,Italy,17,1,0,0,16,0.845,42,24,13,1240000,52150000,14,8,21.85714286,23.625,1750000,0,0,1500000,1500000
2008-2009,20,38,30,5,15,18,37,67,-30,US Lecce,2008,Mario Beretta,Italy,27,1,0,0,23,0.85,43,25.5,21,1060000,45780000,7,6,25.71428571,25.16666667,11600000,0,8900000,2300000,-6600000
2010-2011,17,38,41,11,8,19,46,66,-20,US Lecce,2010,Luigi De Canio,Italy,38,1,0,0,41,1.08,37,25.5,15,884000,32700000,9,15,27.55555556,24.26666667,12900000,350000,4250000,1541000,-2709000
2011-2012,18,38,36,8,12,18,40,56,-16,US Lecce,2011,Serse Cosmi,Italy,25,1,0,0,28,1.12,41,26.3,17,915000,37530000,8,9,27.25,28.11111111,4900000,0,1050000,5970000,4920000
2019-2020,18,38,35,9,8,21,52,85,-33,US Lecce,2019,Fabio Liverani,Italy,38,1,0,0,35,0.92,47,25.4,17,1110000,52330000,12,16,25.66666667,25.875,11100000,4075000,3900000,450000,-3450000
2022-2023,16,38,36,8,12,18,33,46,-13,US Lecce,2022,Marco Baroni,Italy,38,1,0,0,36,0.95,39,25.1,23,2700000,105200000,14,15,22.21428571,25.8,8750000,9100000,3330000,3600000,270000
2023-2024,14,38,38,8,14,16,32,54,-22,US Lecce,2023,Luca Gotti,Italy,10,1,0,0,13,1.3,39,24.6,30,2760000,107730000,16,12,23.3125,26.16666667,32200000,49250000,23000000,25000000,2000000
2024-2025,0,6,5,1,2,3,3,11,-8,US Lecce,2024,Luca Gotti,Italy,6,1,0,0,5,0.83,35,24.5,29,2670000,93500000,14,10,23.71428571,25.5,24675000,25100000,8800000,30000000,21200000
2005-2006,8,38,45,13,6,19,47,61,-14,Empoli FC,2005,Mario Somma,Italy,22,1,0,0,45,1.18,31,26.5,3,1190000,37000000,9,12,25.77777778,23.16666667,900000,0,0,0,0
2006-2007,7,38,54,14,12,12,42,43,-1,Empoli FC,2006,Luigi Cagni,Italy,38,1,0,0,54,1.42,36,24.6,2,1230000,44300000,9,11,22.77777778,24.18181818,5000000,0,2500000,12320000,9820000
2007-2008,18,38,36,9,9,20,29,52,-23,Empoli FC,2007,Luigi Cagni,Italy,38,1,0,0,36,0.95,38,24.7,3,1300000,49500000,6,8,23.66666667,23.625,5750000,0,1400000,11400000,10000000
2014-2015,15,38,42,8,18,12,46,52,-6,Empoli FC,2014,Maurizio Sarri,Italy,38,1,0,0,42,1.11,40,24.3,13,1350000,54030000,11,10,24.27272727,24.3,3525000,1050000,360000,358000,-2000
2015-2016,10,38,46,12,10,16,40,49,-9,Empoli FC,2015,Marco Giampaolo,Italy,38,1,0,0,46,1.21,38,24.6,16,1960000,74600000,10,15,22.6,24.66666667,14425000,3175000,5300000,10500000,5200000
2016-2017,18,38,32,8,8,22,29,61,-32,Empoli FC,2016,Giovanni Martusciello,Italy,38,1,0,0,32,0.84,42,25,17,1320000,55450000,8,12,25.25,22.91666667,9850000,675000,7000000,10000000,3000000
2018-2019,18,38,38,10,8,20,51,70,-19,Empoli FC,2018,Aurelio Andreazzoli,Italy,33,1,0,0,38,1,59,24.6,24,1790000,105600000,14,9,24.42857143,24.44444444,14000000,7650000,13800000,22900000,9100000
2021-2022,14,38,41,10,11,17,50,70,-20,Empoli FC,2021,Aurelio Andreazzoli,Italy,33,1,0,0,41,1.08,40,25,12,3160000,126500000,13,10,23.46153846,23.4,11775000,23400000,9700000,27000000,17300000
2022-2023,14,38,43,10,13,15,37,49,-12,Empoli FC,2022,Paolo Zanetti,Italy,33,1,0,0,43,1.13,44,24.8,19,2850000,125530000,10,19,22.6,23.94736842,21350000,33200000,13350000,28310000,14960000
2023-2024,17,38,36,9,9,20,29,54,-25,Empoli FC,2023,Paolo Zanetti,Italy,33,1,0,0,36,0.95,47,25.3,20,2180000,102330000,10,17,26.7,24.17647059,17600000,86060000,11400000,59000000,47600000
2024-2025,0,6,10,2,4,0,5,2,3,Empoli FC,2024,Roberto DAversa,Italy,6,1,0,0,10,1.67,28,25.2,15,2110000,59130000,4,16,21,25.625,1250000,12575000,0,10050000,10050000
2004-2005,8,38,45,11,12,15,55,58,-3,AS Roma,2004,Luigi Delneri,Italy,24,1,0,0,34,1.21,40,23.6,10,5040000,201600000,14,13,21.5,24.61538462,5250000,0,43210000,58900000,15690000
2005-2006,2,38,69,19,12,7,70,42,28,AS Roma,2005,Luciano Spalletti,Italy,38,1,0,0,69,1.82,42,24.4,12,4600000,193200000,10,15,23,23.66666667,18200000,0,518000,6250000,5732000
2006-2007,2,38,75,22,9,7,74,34,40,AS Roma,2006,Luciano Spalletti,Italy,38,1,0,0,75,1.97,40,25.2,17,5520000,220650000,7,10,25.42857143,26,17200000,0,16260000,18200000,1940000
2007-2008,2,38,82,24,10,4,72,37,35,AS Roma,2007,Luciano Spalletti,Italy,38,1,0,0,82,2.16,37,26.3,19,6610000,244400000,10,7,24.4,24.85714286,51100000,0,50550000,21750000,-28800000
2008-2009,6,38,63,18,9,11,64,61,3,AS Roma,2008,Luciano Spalletti,Italy,38,1,0,0,63,1.66,40,26.3,18,6670000,266800000,16,10,21.8125,23.4,36200000,0,32400000,17550000,-14850000
2009-2010,2,38,80,24,8,6,68,41,27,AS Roma,2009,Claudio Ranieri,Italy,36,1,0,0,80,2.22,45,25.8,20,5450000,245150000,3,16,21.66666667,23.75,8050000,0,3500000,21650000,18150000
2010-2011,6,38,63,18,9,11,59,52,7,AS Roma,2010,Vincenzo Montella,Italy,13,1,0,0,24,1.705,43,26.7,22,4020000,172980000,8,19,26.125,24.42105263,33200000,400000,10700000,10351000,-349000
2011-2012,7,38,56,16,8,14,60,54,6,AS Roma,2011,Luis Enrique,Spain,38,1,0,0,56,1.47,39,25.9,18,4430000,172780000,20,9,21.8,26.33333333,82775000,50000,86250000,25630000,-60620000
2012-2013,6,38,62,18,8,12,71,56,15,AS Roma,2012,Aurelio Andreazzoli,Italy,15,1,0,0,28,1.675,37,25,22,4690000,173400000,15,24,21.4,24.91666667,30475000,8875000,25020000,20860000,-4160000
2013-2014,2,38,85,26,7,5,72,25,47,AS Roma,2013,Rudi Garcia,France,38,1,0,0,85,2.24,59,24.3,30,4180000,246400000,19,24,23.15789474,24.04166667,73550000,77775000,70790000,119690000,48900000
2014-2015,2,38,70,19,13,6,54,31,23,AS Roma,2014,Rudi Garcia,France,38,1,0,0,70,1.84,43,26.3,25,6440000,276780000,15,12,24.13333333,24.91666667,95850000,5250000,87250000,38400000,-48850000
2015-2016,3,38,80,23,11,4,83,41,42,AS Roma,2015,Luciano Spalletti,Italy,19,1,0,0,46,2.105,48,25.2,34,6940000,332900000,10,21,21,24.61904762,35950000,21850000,29670000,95200000,65530000
2016-2017,2,38,87,28,3,7,90,38,52,AS Roma,2016,Luciano Spalletti,Italy,38,1,0,0,87,2.29,47,24.2,25,7550000,354680000,13,17,23.07692308,25.52941176,106900000,26200000,94800000,71932000,-22868000
2017-2018,3,38,77,23,8,7,61,28,33,AS Roma,2017,Eusebio Di Francesco,Italy,38,1,0,0,77,2.03,47,24.1,27,9980000,469100000,11,21,25.36363636,24.14285714,92625000,143775000,85650000,158850000,73200000
2018-2019,6,38,66,18,12,8,66,48,18,AS Roma,2018,Claudio Ranieri,Italy,12,1,0,0,22,1.76,57,24.2,28,8050000,459050000,14,20,24.57142857,25.35,113800000,39175000,161350000,147421000,-13929000
2019-2020,5,38,70,21,7,10,77,51,26,AS Roma,2019,Paulo Fonseca,Portugal,38,1,0,0,70,1.84,36,26.1,23,10910000,392730000,6,19,23,23.31578947,75950000,43850000,105300000,100180000,-5120000
2020-2021,7,38,62,18,8,12,68,58,10,AS Roma,2020,Paulo Fonseca,Portugal,38,1,0,0,62,1.63,46,25.1,28,8600000,395650000,12,9,25.75,26.66666667,114875000,24710000,69500000,43000000,-26500000
2021-2022,6,38,63,18,9,11,59,43,16,AS Roma,2021,José Mourinho,Portugal,38,1,0,0,63,1.66,39,24.3,25,9780000,381250000,15,17,21.33333333,27.76470588,120300000,15500000,130550000,13645000,-116905000
2022-2023,6,38,63,18,9,11,50,38,12,AS Roma,2022,José Mourinho,Portugal,38,1,0,0,63,1.66,47,24.2,27,7690000,361380000,8,19,24.625,24.42105263,84650000,121375000,7400000,77840000,70440000
2023-2024,6,38,63,18,9,11,65,46,19,AS Roma,2023,Daniele De Rossi,Italy,18,1,0,0,34,1.67,41,25.2,24,8300000,340400000,4,13,24.25,23.76923077,68000000,67450000,12500000,79900000,67400000
2024-2025,0,6,9,2,3,1,7,4,3,AS Roma,2024,Ivan Juric,Croatia,2,1,0,0,6,1.875,26,26.2,19,13020000,338500000,14,8,23.64285714,28.375,133500000,28650000,92600000,25500000,-67100000
2004-2005,20,38,35,8,11,19,34,45,-11,Atalanta BC,2004,Delio Rossi,Italy,24,1,0,0,28,1.17,40,25.4,6,1040000,41700000,9,11,21.66666667,23.90909091,300000,0,5400000,7850000,2450000
2006-2007,8,38,50,12,14,12,56,54,2,Atalanta BC,2006,Stefano Colantuono,Italy,38,1,0,0,50,1.32,40,26,8,1340000,53480000,8,9,26,26.44444444,11950000,0,3470000,2825000,-645000
2007-2008,9,38,48,12,12,14,52,56,-4,Atalanta BC,2007,Luigi Delneri,Italy,38,1,0,0,48,1.26,38,26,10,1440000,54800000,13,16,24.61538462,27.1875,20250000,0,8016000,14050000,6034000
2008-2009,11,38,47,13,8,17,45,48,-3,Atalanta BC,2008,Luigi Delneri,Italy,38,1,0,0,47,1.24,36,25.4,7,1780000,64200000,15,12,22.13333333,26.41666667,20000000,75000,15500000,15200000,-300000
2009-2010,18,38,35,9,8,21,37,53,-16,Atalanta BC,2009,Bortolo Mutti,Italy,20,1,0,0,22,1.05,39,26.6,13,1590000,62050000,10,13,26.4,23.92307692,13625000,325000,10500000,22050000,11550000
2011-2012 (-6),12,38,46,13,13,12,41,43,-2,Atalanta BC,2011,Stefano Colantuono,Italy,38,1,0,0,52,1.37,36,27.8,5,1880000,67580000,9,18,24.66666667,26,13150000,350000,14000000,11650000,-2350000
2012-2013 (-2),15,38,40,11,9,18,39,56,-17,Atalanta BC,2012,Stefano Colantuono,Italy,38,1,0,0,42,1.11,43,28.1,12,1720000,74100000,13,14,27.07692308,26,17775000,7650000,16950000,17450000,500000
2013-2014,11,38,50,15,5,18,43,51,-8,Atalanta BC,2013,Stefano Colantuono,Italy,38,1,0,0,50,1.32,62,25.4,14,1190000,73930000,12,10,23.66666667,25.4,16400000,225000,11325000,5700000,-5625000
2014-2015,17,38,37,7,16,15,38,57,-19,Atalanta BC,2014,Edoardo Reja,Italy,13,1,0,0,14,1,42,27.3,16,1990000,83480000,10,12,25,25.58333333,21000000,9100000,10670000,20000000,9330000
2015-2016,13,38,45,11,12,15,41,47,-6,Atalanta BC,2015,Edoardo Reja,Italy,38,1,0,0,45,1.18,44,27.2,15,1780000,78450000,17,22,23.70588235,25.40909091,19600000,8800000,26680000,37950000,11270000
2016-2017,4,38,72,21,9,8,62,41,21,Atalanta BC,2016,Gian Piero Gasperini,Italy,38,1,0,0,72,1.89,44,25.9,16,3680000,161700000,9,19,21.44444444,26.26315789,9925000,9225000,13840000,39000000,25160000
2017-2018,7,38,60,16,12,10,57,39,18,Atalanta BC,2017,Gian Piero Gasperini,Italy,38,1,0,0,60,1.58,37,24,17,5620000,207950000,14,19,22.92857143,27,40400000,73325000,65420000,75780000,10360000
2018-2019,3,38,69,20,9,9,77,46,31,Atalanta BC,2018,Gian Piero Gasperini,Italy,38,1,0,0,69,1.82,88,23.2,29,4180000,367680000,9,20,20.33333333,25.05,32300000,4025000,40300000,10400000,-29900000
2019-2020,3,38,78,23,9,6,98,48,50,Atalanta BC,2019,Gian Piero Gasperini,Italy,38,1,0,0,78,2.05,37,25.4,26,7880000,291430000,12,23,23.66666667,23.7826087,79250000,98950000,57650000,106100000,48450000
2020-2021,3,38,78,23,9,6,90,47,43,Atalanta BC,2020,Gian Piero Gasperini,Italy,38,1,0,0,78,2.05,39,25.5,21,11030000,430000000,10,20,21.5,23.75,69300000,71050000,58800000,78100000,19300000
2021-2022,8,38,59,16,11,11,65,48,17,Atalanta BC,2021,Gian Piero Gasperini,Italy,38,1,0,0,59,1.55,44,24.9,24,9060000,398750000,7,11,23.14285714,23.27272727,87000000,32425000,65700000,42965000,-22735000
2022-2023,5,38,64,19,7,12,66,48,18,Atalanta BC,2022,Gian Piero Gasperini,Italy,38,1,0,0,64,1.68,38,24.9,20,8900000,338380000,11,29,21,23.62068966,78950000,122150000,105150000,127830000,22680000
2023-2024,4,38,69,21,6,11,72,42,30,Atalanta BC,2023,Gian Piero Gasperini,Italy,38,1,0,0,69,1.82,42,25.2,21,10380000,436050000,6,31,24,24.03225806,60500000,153700000,72700000,152238000,79538000
2024-2025,0,6,7,2,1,3,11,12,-1,Atalanta BC,2024,Gian Piero Gasperini,Italy,6,1,0,0,7,1.17,26,27.3,15,16390000,426100000,7,11,27.28571429,26.81818182,81000000,99700000,83500000,110450000,26950000
2004-2005,17,38,42,10,12,16,48,65,-17,Parma Calcio 1913,2004,Pietro Carmignani,Italy,25,1,0,0,33,1.32,44,23.8,8,2500000,110050000,14,18,23.64285714,27.55555556,900000,0,580000,25310000,24730000
2005-2006,7,38,45,12,9,17,46,60,-14,Parma Calcio 1913,2005,Mario Beretta,Italy,38,1,0,0,45,1.18,40,24.8,8,1430000,57050000,10,13,24.2,21.38461538,15150000,0,11650000,26250000,14600000
2006-2007,12,38,42,10,12,16,41,56,-15,Parma Calcio 1913,2006,Claudio Ranieri,Italy,16,1,0,0,27,1.69,38,24.6,8,1230000,46900000,6,11,24.66666667,25.18181818,9100000,0,2620000,22300000,19680000
2007-2008,19,38,34,7,13,18,42,62,-20,Parma Calcio 1913,2007,Domenico Di Carlo,Italy,25,1,0,0,34,0.89,41,25.9,7,1280000,52500000,18,13,25.5,25.61538462,30850000,0,15700000,4900000,-10800000
2009-2010,8,38,52,14,10,14,46,51,-5,Parma Calcio 1913,2009,Francesco Guidolin,Italy,38,1,0,0,52,1.37,51,25,16,1620000,82830000,25,17,24.36,25.64705882,30150000,110000,26221000,30900000,4679000
2010-2011,12,38,46,11,13,14,39,47,-8,Parma Calcio 1913,2010,Franco Colomba,Italy,7,1,0,0,14,1.515,43,25.6,14,2000000,86050000,24,17,23.54166667,23.41176471,36550000,475000,28500000,17075000,-11425000
2011-2012,8,38,56,15,11,12,54,53,1,Parma Calcio 1913,2011,Roberto Donadoni,Italy,21,1,0,0,37,1.44,43,25.7,12,1920000,82350000,20,25,21.9,23.96,17150000,2200000,9410000,29600000,20190000
2012-2013,10,38,49,13,10,15,45,46,-1,Parma Calcio 1913,2012,Roberto Donadoni,Italy,38,1,0,0,49,1.29,42,26.1,18,2040000,85780000,44,29,22.59090909,24.65517241,36000000,4150000,28200000,19550000,-8650000
2013-2014,6,38,58,15,13,10,58,46,12,Parma Calcio 1913,2013,Roberto Donadoni,Italy,38,1,0,0,58,1.53,48,25.6,22,1870000,89780000,107,46,22.81308411,22.26086957,35400000,12675000,13592000,35220000,21628000
2014-2015 (-7),20,38,19,6,8,24,33,75,-42,Parma Calcio 1913,2014,Roberto Donadoni,Italy,38,1,0,0,26,0.68,55,25.6,24,1200000,65950000,33,95,23.42424242,24.06315789,25700000,9000000,17240000,17750000,510000
2018-2019,14,38,41,10,11,17,41,61,-20,Parma Calcio 1913,2018,Roberto D'Aversa,Italy,38,1,0,0,41,1.08,70,26.1,19,1370000,95750000,20,6,25.9,29.16666667,24750000,3075000,20801000,596000,-20205000
2019-2020,11,38,49,14,7,17,56,57,-1,Parma Calcio 1913,2019,Roberto D'Aversa,Italy,38,1,0,0,49,1.29,40,26.6,19,3220000,128750000,16,27,23.8125,26.81481481,20200000,9775000,20709000,16900000,-3809000
2020-2021,20,38,20,3,11,24,39,83,-44,Parma Calcio 1913,2020,Fabio Liverani,Italy,16,1,0,0,12,0.75,53,25.5,30,2430000,128700000,20,15,22.65,25.73333333,59550000,2945000,97830000,4000000,-93830000
2024-2025,0,6,5,1,2,3,10,12,-2,Parma Calcio 1913,2024,Fabio Pecchia,Italy,6,1,0,0,5,0.83,29,24.7,23,3600000,104500000,9,14,21,25.71428571,28400000,12475000,32500000,6650000,-25850000
2004-2005,4,38,62,17,11,10,56,40,16,Udinese Calcio,2004,Luciano Spalletti,Italy,38,1,0,0,62,1.63,34,25.6,17,2470000,83950000,11,12,21.81818182,25.91666667,1000000,0,100000,2200000,2100000
2005-2006,11,38,43,11,10,17,40,54,-14,Udinese Calcio,2005,Giovanni Galeone,Italy,8,1,0,0,15,1.48,45,24.9,17,1990000,89600000,25,15,22.48,27.66666667,19825000,0,8650000,27300000,18650000
2006-2007,10,38,46,12,10,16,49,55,-6,Udinese Calcio,2006,Alberto Malesani,Italy,19,1,0,0,23,1.21,52,22.5,25,2010000,104580000,19,14,20.89473684,27.71428571,14300000,0,15145000,12600000,-2545000
2007-2008,7,38,57,16,9,13,48,53,-5,Udinese Calcio,2007,Pasquale Marino,Italy,38,1,0,0,57,1.5,49,23.2,24,2350000,115050000,14,15,22.42857143,24.6,22400000,0,21660000,28960000,7300000
2008-2009,7,38,58,16,10,12,61,50,11,Udinese Calcio,2008,Pasquale Marino,Italy,38,1,0,0,58,1.53,37,24.1,20,3370000,124650000,21,16,23.71428571,24.5625,30250000,100000,20100000,33700000,13600000
2009-2010,16,38,44,11,11,16,54,59,-5,Udinese Calcio,2009,Pasquale Marino,Italy,30,1,0,0,38,1.27,49,23.9,30,2770000,135580000,23,13,22.39130435,24.46153846,12150000,0,18333000,31050000,12717000
2010-2011,4,38,66,20,6,12,65,43,22,Udinese Calcio,2010,Francesco Guidolin,Italy,38,1,0,0,66,1.74,40,24.6,23,3430000,137050000,15,17,21.13333333,22.94117647,23600000,100000,13550000,23800000,10250000
2011-2012,3,38,64,18,10,10,52,35,17,Udinese Calcio,2011,Francesco Guidolin,Italy,38,1,0,0,64,1.68,49,23.9,25,2860000,140130000,15,27,22.4,24.92592593,34400000,3150000,20611000,68750000,48139000
2012-2013,5,38,66,18,12,8,59,45,14,Udinese Calcio,2012,Francesco Guidolin,Italy,38,1,0,0,66,1.74,48,23.8,23,2520000,121000000,15,22,23.26666667,24.95454545,25550000,1400000,30400000,58450000,28050000
2013-2014,13,38,44,12,8,18,46,57,-11,Udinese Calcio,2013,Francesco Guidolin,Italy,38,1,0,0,44,1.16,63,24.2,41,1970000,123950000,22,22,21.18181818,24.5,23500000,4925000,24410000,47700000,23290000
2014-2015,16,38,41,10,11,17,43,56,-13,Udinese Calcio,2014,Andrea Stramaccioni,Italy,38,1,0,0,41,1.08,50,24.4,36,2140000,107180000,17,18,23,24.16666667,40000000,4300000,29200000,22200000,-7000000
2015-2016,17,38,39,10,9,19,35,60,-25,Udinese Calcio,2015,Stefano Colantuono,Italy,29,1,0,0,30,1.015,43,26.8,31,2160000,93000000,15,25,24.2,23.72,31350000,21550000,21420000,74000000,52580000
2016-2017,13,38,45,12,9,17,47,56,-9,Udinese Calcio,2016,Luigi Delneri,Italy,31,1,0,0,38,1.115,44,25,34,2320000,101950000,11,30,22.18181818,25.66666667,14600000,63950000,26500000,31100000,4600000
2017-2018,14,38,40,12,4,22,48,63,-15,Udinese Calcio,2017,Igor Tudor,Croatia,4,1,0,0,7,1.233333333,46,24.4,35,2350000,108030000,14,11,24.5,24.63636364,17475000,99750000,22441000,16800000,-5641000
2018-2019,12,38,43,11,10,17,39,53,-14,Udinese Calcio,2018,Igor Tudor,Croatia,11,1,0,0,18,1.153333333,56,25.2,41,3590000,201200000,11,19,23.45454545,25.94736842,35250000,12575000,51300000,11611000,-39689000
2019-2020,13,38,45,12,9,17,37,51,-14,Udinese Calcio,2019,Luca Gotti,Italy,29,1,0,0,38,1.31,39,25.3,28,3100000,121080000,11,14,27.36363636,27.5,35200000,21550000,13850000,59535000,45685000
2020-2021,14,38,40,10,10,18,42,58,-16,Udinese Calcio,2020,Luca Gotti,Italy,38,1,0,0,40,1.05,42,26.2,30,4120000,173000000,9,14,25.55555556,24.71428571,29325000,34400000,20500000,30900000,10400000
2021-2022,12,38,47,11,14,13,61,58,3,Udinese Calcio,2021,Gabriele Cioffi,Italy,22,1,0,0,31,1.205,44,25.4,26,3230000,142300000,8,17,24.875,27.70588235,23250000,50425000,9400000,79625000,70225000
2022-2023,12,38,46,11,13,14,47,48,-1,Udinese Calcio,2022,Andrea Sottil,Italy,38,1,0,0,46,1.21,38,25.3,28,4970000,188860000,18,16,22.61111111,25.25,71500000,86875000,69700000,62600000,-7100000
2023-2024,15,38,37,6,19,13,37,53,-16,Udinese Calcio,2023,Fabio Cannavaro,Italy,6,1,0,0,9,1.23,45,24.7,36,3780000,170060000,15,11,23.6,26.18181818,38750000,39950000,29450000,34090000,4640000
2024-2025,0,6,10,3,1,2,9,10,-1,Udinese Calcio,2024,Kosta Runjaic,Germany,6,1,0,0,10,1.67,32,25.6,29,3510000,112480000,12,10,23.5,26.7,46900000,26050000,24100000,19000000,-5100000
2021-2022,20,38,27,6,9,23,34,69,-35,Venezia FC,2021,Andrea Soncin,Italy,5,1,0,0,5,0.835,51,25.2,35,1590000,80980000,15,10,24.06666667,29.9,31800000,2050000,18690000,200000,-18490000
2024-2025,0,6,4,1,1,4,4,10,-6,Venezia FC,2024,Eusebio Di Francesco,Italy,6,1,0,0,4,0.67,30,25.6,20,1930000,57780000,11,9,22.18181818,27,17725000,12000000,13500000,6300000,-7200000
2004-2005,1,38,86,26,8,4,67,27,40,Juventus FC,2004,Fabio Capello,Italy,38,1,0,0,86,2.26,39,26.2,14,7820000,304900000,11,15,23.45454545,25.4,15000000,0,71120000,45450000,-25670000
2005-2006,20,38,91,27,10,1,71,24,47,Juventus FC,2005,Fabio Capello,Italy,38,1,0,0,91,2.39,36,27.1,15,8580000,308900000,10,11,23.4,26.72727273,67500000,0,30240000,12780000,-17460000
2007-2008,3,38,72,20,12,6,72,37,35,Juventus FC,2007,Claudio Ranieri,Italy,38,1,0,0,72,1.89,38,25.8,14,6230000,236850000,18,22,23.5,25.13636364,81150000,0,69050000,30660000,-38390000
2008-2009,2,38,74,21,11,6,69,37,32,Juventus FC,2008,Ciro Ferrara,Italy,2,1,0,0,6,2.445,34,27.1,14,7550000,256850000,14,18,23.64285714,22.77777778,41950000,150000,39750000,31303000,-8447000
2009-2010,7,38,55,16,7,15,55,56,-1,Juventus FC,2009,Ciro Ferrara,Italy,21,1,0,0,33,1.43,44,26,14,6210000,273100000,8,7,24.75,27.28571429,56000000,0,57300000,12500000,-44800000
2010-2011,7,38,58,15,13,10,57,47,10,Juventus FC,2010,Luigi Delneri,Italy,38,1,0,0,58,1.53,51,25.9,15,5080000,258930000,12,23,25.33333333,26.30434783,55900000,450000,47300000,35580000,-11720000
2011-2012,1,38,84,23,15,0,68,20,48,Juventus FC,2011,Antonio Conte,Italy,38,1,0,0,84,2.21,34,28.2,12,7710000,262280000,17,24,25.17647059,23.83333333,147900000,1700000,99330000,18600000,-80730000
2012-2013,1,38,87,27,6,5,71,24,47,Juventus FC,2012,Massimo Carrera,Italy,7,1,0,0,19,2.323333333,40,26.8,17,8450000,337900000,19,16,23.05263158,26.125,78800000,4225000,71800000,19300000,-52500000
2013-2014,1,38,102,33,3,2,80,23,57,Juventus FC,2013,Antonio Conte,Italy,38,1,0,0,102,2.68,48,26,20,8160000,391450000,16,19,22.5,23.73684211,83825000,9850000,49500000,68850000,19350000
2014-2015,1,38,87,26,9,3,72,24,48,Juventus FC,2014,Massimiliano Allegri,Italy,38,1,0,0,87,2.29,35,27.4,12,9400000,329000000,22,14,21.72727273,24.64285714,40700000,1250000,52600000,23800000,-28800000
2015-2016,1,38,91,29,4,5,75,20,55,Juventus FC,2015,Massimiliano Allegri,Italy,38,1,0,0,91,2.39,38,25.9,21,11580000,440000000,21,18,22,25.05555556,146725000,14350000,151199000,71180000,-80019000
2016-2017,1,38,91,29,4,5,77,27,50,Juventus FC,2016,Massimiliano Allegri,Italy,38,1,0,0,91,2.39,38,26.6,19,13080000,497180000,11,27,23.54545455,24.77777778,152000000,23900000,194200000,169740000,-24460000
2017-2018,1,38,95,30,5,3,86,24,62,Juventus FC,2017,Massimiliano Allegri,Italy,38,1,0,0,95,2.5,33,26.9,17,19790000,653150000,12,28,23.75,23.46428571,135250000,71675000,168500000,141150000,-27350000
2018-2019,1,38,90,28,6,4,70,30,40,Juventus FC,2018,Massimiliano Allegri,Italy,38,1,0,0,90,2.37,59,25.4,25,14760000,871050000,8,22,25.875,25.5,275600000,19875000,261200000,84940000,-176260000
2019-2020,1,38,83,26,5,7,76,43,33,Juventus FC,2019,Maurizio Sarri,Italy,38,1,0,0,83,2.18,38,27.2,23,17420000,661880000,10,17,24.4,25,231225000,73275000,235300000,201622000,-33678000
2020-2021,4,38,78,23,9,6,77,38,39,Juventus FC,2020,Andrea Pirlo,Italy,38,1,0,0,78,2.05,45,25.2,26,14070000,633300000,8,8,21,26.875,75375000,13900000,124800000,105000000,-19800000
2021-2022,4,38,70,20,10,8,57,37,20,Juventus FC,2021,Massimiliano Allegri,Italy,38,1,0,0,70,1.84,43,25.5,24,14940000,642500000,7,4,21.57142857,31.5,149700000,115000000,134650000,53000000,-81650000
2022-2023 (-10),7,38,62,22,6,10,56,33,23,Juventus FC,2022,Massimiliano Allegri,Italy,38,1,0,0,72,1.89,40,25.9,19,12080000,483130000,10,9,24,27.77777778,200900000,107800000,119500000,99860000,-19640000
2023-2024,3,38,71,19,14,5,54,31,23,Juventus FC,2023,Paolo Montero,Uruguay,2,1,0,0,4,1.93,39,25.2,19,12940000,504530000,9,9,22.44444444,27.44444444,89400000,115600000,91550000,63580000,-27970000
2024-2025,0,6,12,3,3,0,9,0,9,Juventus FC,2024,Thiago Motta,Italy,6,1,0,0,12,2,27,25.8,19,21300000,575150000,8,13,22.125,24.69230769,159950000,163300000,141600000,103000000,-38600000
2004-2005,10,38,44,11,11,16,48,53,-5,SS Lazio,2004,Giuseppe Papadopulo,Italy,22,1,0,0,27,1.145,45,26.3,12,1710000,77050000,11,14,24.18181818,29.42857143,50000,0,10110000,37500000,27390000
2005-2006 (-30),16,38,32,16,14,8,57,47,10,SS Lazio,2005,Delio Rossi,Italy,38,1,0,0,62,1.63,50,25.8,14,1660000,83050000,11,12,24.72727273,27.75,4280000,0,6600000,2000000,-4600000
2006-2007 (-3),3,38,62,18,11,9,59,33,26,SS Lazio,2006,Delio Rossi,Italy,38,1,0,0,65,1.71,34,27.2,10,3100000,105350000,12,10,23.41666667,27,25400000,0,23850000,8500000,-15350000
2007-2008,12,38,46,11,13,14,47,51,-4,SS Lazio,2007,Delio Rossi,Italy,38,1,0,0,46,1.21,40,26.5,15,2770000,110800000,10,4,23.9,27.5,14100000,0,6138000,625000,-5513000
2008-2009,10,38,50,15,5,18,46,55,-9,SS Lazio,2008,Delio Rossi,Italy,38,1,0,0,50,1.32,37,25.9,17,2960000,109650000,11,8,22.36363636,30,17600000,0,20250000,12300000,-7950000
2009-2010,12,38,46,11,13,14,39,43,-4,SS Lazio,2009,Edoardo Reja,Italy,15,1,0,0,24,1.28,62,25.2,23,2280000,141100000,12,9,25.33333333,22.44444444,38000000,400000,30650000,11500000,-19150000
2010-2011,5,38,66,20,6,12,55,39,16,SS Lazio,2010,Edoardo Reja,Italy,38,1,0,0,66,1.74,44,27,22,2540000,111730000,7,14,25.85714286,29,31350000,75000,29500000,26560000,-2940000
2011-2012,4,38,62,18,8,12,56,47,9,SS Lazio,2011,Edoardo Reja,Italy,38,1,0,0,62,1.63,52,25.7,22,2190000,113630000,13,10,24.69230769,27.8,44000000,1650000,22340000,22180000,-160000
2012-2013,7,38,61,18,7,13,51,42,9,SS Lazio,2012,Vladimir Petkovic,Switzerland,38,1,0,0,61,1.61,55,25.4,29,2610000,143280000,10,13,22.6,28.15384615,13750000,500000,1530000,550000,-980000
2013-2014,9,38,56,15,11,12,54,54,0,SS Lazio,2013,Edoardo Reja,Italy,21,1,0,0,36,1.445,54,25.5,33,3020000,162950000,11,13,21.63636364,29,31000000,175000,26830000,28300000,1470000
2014-2015,3,38,69,21,6,11,71,38,33,SS Lazio,2014,Stefano Pioli,Italy,38,1,0,0,69,1.82,36,26.8,27,4650000,167550000,11,12,22.72727273,24,19975000,1225000,12250000,150000,-12100000
2015-2016,8,38,54,15,9,14,52,52,0,SS Lazio,2015,Simone Inzaghi,Italy,7,1,0,0,12,1.53,38,26.2,26,4610000,175300000,14,16,23,26.8125,26350000,375000,31250000,2370000,-28880000
2016-2017,5,38,70,21,7,10,74,51,23,SS Lazio,2016,Simone Inzaghi,Italy,38,1,0,0,70,1.84,46,24.2,33,4920000,226450000,8,13,22.125,28.84615385,30700000,1400000,36300000,27500000,-8800000
2017-2018,5,38,72,21,9,8,89,49,40,SS Lazio,2017,Simone Inzaghi,Italy,38,1,0,0,72,1.89,44,25.3,28,9290000,408780000,8,8,25.125,24.375,18875000,4750000,14600000,71920000,57320000
2018-2019,8,38,59,17,8,13,56,46,10,SS Lazio,2018,Simone Inzaghi,Italy,38,1,0,0,59,1.55,57,24.9,33,5110000,291150000,10,13,25.5,25,52550000,15700000,51280000,38000000,-13280000
2019-2020,4,38,78,24,6,8,79,42,37,SS Lazio,2019,Simone Inzaghi,Italy,38,1,0,0,78,2.05,34,26.6,24,8940000,303880000,17,11,21.47058824,23.63636364,43125000,56550000,49946000,33800000,-16146000
2020-2021,6,38,68,21,5,12,61,55,6,SS Lazio,2020,Simone Inzaghi,Italy,38,1,0,0,68,1.79,44,26.1,32,7420000,326330000,7,10,27.42857143,28.5,28200000,3810000,41700000,6950000,-34750000
2021-2022,5,38,64,18,10,10,77,58,19,SS Lazio,2021,Maurizio Sarri,Italy,38,1,0,0,64,1.68,35,27.5,24,7560000,264530000,7,11,23.85714286,26.72727273,40800000,2475000,13300000,2000000,-11300000
2022-2023,2,38,74,22,8,8,60,30,30,SS Lazio,2022,Maurizio Sarri,Italy,38,1,0,0,74,1.95,33,26.5,20,8070000,266430000,9,19,24.55555556,25.89473684,70100000,43800000,41650000,42020000,370000
2023-2024,7,38,61,18,7,13,49,39,10,SS Lazio,2023,Giovanni Martusciello,Italy,1,1,0,0,3,2.143333333,37,26.4,20,6090000,225450000,8,10,21.125,28.6,56550000,41000000,37900000,46500000,8600000
2024-2025,0,6,10,3,1,2,12,10,2,SS Lazio,2024,Marco Baroni,Italy,6,1,0,0,10,1.67,31,26.6,21,7230000,224050000,8,10,21.625,27.1,50575000,48000000,32400000,23100000,-9300000
2004-2005,2,38,79,23,10,5,63,28,35,AC Milan,2004,Carlo Ancelotti,Italy,38,1,0,0,79,2.08,37,27.2,17,7400000,273700000,6,6,26.66666667,27.16666667,0,0,11000000,11800000,800000
2005-2006 (-30),3,38,58,28,4,6,85,31,54,AC Milan,2005,Carlo Ancelotti,Italy,38,1,0,0,88,2.32,36,27.9,17,7490000,269750000,9,8,26.33333333,27.75,57000000,0,33500000,12000000,-21500000
2006-2007 (-8),4,38,61,19,12,7,57,36,21,AC Milan,2006,Carlo Ancelotti,Italy,38,1,0,0,69,1.82,43,27.5,16,6380000,274350000,11,12,25.90909091,26.25,61700000,0,41600000,57031000,15431000
2007-2008,5,38,64,18,10,10,66,38,28,AC Milan,2007,Carlo Ancelotti,Italy,38,1,0,0,64,1.68,41,27.6,18,6810000,279400000,6,5,22.83333333,28.4,21000000,0,29000000,8600000,-20400000
2008-2009,3,38,74,22,8,8,70,35,35,AC Milan,2008,Carlo Ancelotti,Italy,38,1,0,0,74,1.95,35,28.1,19,9130000,319400000,12,23,23.25,26.91304348,87100000,225000,71380000,46550000,-24830000
2009-2010,3,38,70,20,10,8,60,39,21,AC Milan,2009,Leonardo,Brazil,38,1,0,0,70,1.84,41,27.3,16,6250000,256450000,8,9,24.125,25.55555556,30100000,150000,22100000,80510000,58410000
2010-2011,1,38,82,24,10,4,65,24,41,AC Milan,2010,Massimiliano Allegri,Italy,38,1,0,0,82,2.16,45,27.7,22,6400000,288080000,15,16,25,25.6875,77450000,4275000,42898000,25731000,-17167000
2011-2012,2,38,80,24,8,6,74,33,41,AC Milan,2011,Massimiliano Allegri,Italy,38,1,0,0,80,2.11,45,26.8,21,6080000,273530000,16,17,22.75,24.47058824,93075000,6550000,63650000,22300000,-41350000
2012-2013,3,38,72,21,9,8,67,39,28,AC Milan,2012,Massimiliano Allegri,Italy,38,1,0,0,72,1.89,42,26,22,5680000,238530000,15,22,24,28.90909091,91725000,6725000,58950000,88000000,29050000
2013-2014,8,38,57,16,9,13,57,49,8,AC Milan,2013,Clarence Seedorf,Netherlands,19,1,0,0,35,1.5,47,25.8,22,5620000,263950000,15,14,24.13333333,25.85714286,74850000,975000,41730000,17400000,-24330000
2014-2015,10,38,52,13,13,12,56,50,6,AC Milan,2014,Filippo Inzaghi,Italy,38,1,0,0,52,1.37,47,25.7,19,5020000,236130000,13,17,25.30769231,24.41176471,74100000,23750000,14900000,27700000,12800000
2015-2016,7,38,57,15,12,11,49,43,6,AC Milan,2015,Siniša Mihajlović,Serbia,32,1,0,0,49,1.43,42,26.1,16,5090000,213830000,15,31,22.8,24.96774194,84875000,6700000,102280000,7700000,-94580000
2016-2017,6,38,63,18,9,11,57,45,12,AC Milan,2016,Vincenzo Montella,Italy,38,1,0,0,63,1.66,42,25.3,21,6060000,254330000,8,14,25.25,28.85714286,21400000,8075000,26560000,24350000,-2210000
2017-2018,6,38,64,18,10,10,56,42,14,AC Milan,2017,Gennaro Gattuso,Italy,24,1,0,0,44,1.63,42,25,17,9690000,407050000,10,18,24.1,25,153050000,21450000,180980000,33600000,-147380000
2018-2019,5,38,68,19,11,8,55,36,19,AC Milan,2018,Gennaro Gattuso,Italy,38,1,0,0,68,1.79,45,24.9,22,12860000,578480000,12,15,24.75,26.93333333,116675000,6200000,179440000,80200000,-99240000
2019-2020,6,38,66,19,9,10,63,46,17,AC Milan,2019,Stefano Pioli,Italy,31,1,0,0,57,1.565,37,25.7,22,10930000,404330000,7,14,24.28571429,25.64285714,90500000,42350000,140700000,56200000,-84500000
2020-2021,2,38,79,24,7,7,74,41,33,AC Milan,2020,Stefano Pioli,Italy,38,1,0,0,79,2.08,42,24.4,27,13040000,547780000,10,12,24.2,27.25,52100000,80800000,25220000,51650000,26430000
2021-2022,1,38,86,26,8,4,69,31,38,AC Milan,2021,Stefano Pioli,Italy,38,1,0,0,86,2.26,37,25.8,22,14780000,546950000,8,7,25.5,27.14285714,102000000,88675000,90000000,3500000,-86500000
2022-2023,4,38,70,20,10,8,64,43,21,AC Milan,2022,Stefano Pioli,Italy,38,1,0,0,70,1.84,36,26.4,27,15140000,545100000,9,14,23.55555556,22.78571429,60900000,42200000,54960000,10800000,-44160000
2023-2024,2,38,75,22,9,7,76,49,27,AC Milan,2023,Stefano Pioli,Italy,38,1,0,0,75,1.97,42,24.6,26,13610000,571410000,13,9,22.61538462,27.77777778,144050000,48000000,119500000,66700000,-52800000
2024-2025,0,6,11,3,2,1,14,7,7,AC Milan,2024,Paulo Fonseca,Portugal,6,1,0,0,11,1.83,26,25.8,19,23120000,601010000,8,14,22.5,26.57142857,100010000,67200000,71000000,28500000,-42500000
2024-2025,0,6,8,2,2,2,9,11,-2,Como 1907,2024,Cesc Fàbregas,Spain,6,1,0,0,8,1.33,32,27.3,16,2660000,85100000,19,6,25.63157895,28.16666667,70600000,6150000,49000000,3700000,-45300000